,response,rubrics,instance_rubrics
0,"Ниже приведен пример Java-метода для проверки палиндрома с использованием рекурсии:

```java
public class PalindromeChecker {

    /**
     * Проверяет, является ли строка палиндромом.
     * 
     * @param str строка, которую необходимо проверить
     * @return true, если строка является палиндромом, false иначе
     */
    public boolean isPalindrome(String str) {
        // Если строка пустая или имеет длину 1, она является палиндромом
        if (str.length() <= 1) {
            return true;
        }

        // Если первая и последняя символы не совпадают, строка не является палиндромом
        if (str.charAt(0) != str.charAt(str.length() - 1)) {
            return false;
        }

        // Удалить первые и последние символы и вызвать рекурсивно
        return isPalindrome(str.substring(1, str.length() - 1));
    }

    public static void main(String[] args) {
        PalindromeChecker palindromeChecker = new PalindromeChecker();
        System.out.println(palindromeChecker.isPalindrome(""madam"")); // true
        System.out.println(palindromeChecker.isPalindrome(""hello"")); // false
    }
}
```

Этот метод работает следующим образом:

- Если строка пустая или имеет длину 1, она является палиндромом, поэтому метод возвращает `true`.
- Если первая и последняя символы не совпадают, строка не является палиндромом, поэтому метод возвращает `false`.
- Если первая и последняя символы совпадают, метод удаляет эти символы и вызывает себя рекурсивно для оставшейся части строки. Если эта часть является палиндромом, то и исходная строка является палиндромом.","{'score1_description': 'The response is entirely incorrect and fails to address any aspect of the reference.', 'score2_description': 'The response contains partial accuracy but includes major errors or significant omissions that affect its relevance to the reference.', 'score3_description': 'The response is mostly accurate but lacks clarity, thoroughness, or minor details needed to fully address the reference.', 'score4_description': 'The response is accurate and clear, with only minor omissions or slight inaccuracies in addressing the reference.', 'score5_description': 'The response is completely accurate, clear, and thoroughly addresses the reference without any errors or omissions.'}",3
1,"Требуется:

**Требования к продукту**

1. **Цель**: Разработать систему двухфакторной аутентификации (2FA), которая обеспечит повышение безопасности при входе в систему.
2. **Описание**: Система 2FA должна использовать комбинацию пароля и второго фактора (например, смс-код, код из приложения, биометрических данных) для аутентификации пользователя.
3. **Навыки и функции**:
 * Регистрация и настройка 2FA
 * Вход со 2FA
 * Реставрация доступа к аккаунту (в случае утери второго фактора)
 * Интеграция с существующими системами аутентификации
4. **Системные требования**:
 * Операционная система: Windows, macOS, Linux
 * Браузер: современные версии Chrome, Firefox, Edge
 * База данных: поддержка различных типов баз данных (например, MySQL, PostgreSQL, MongoDB)
5. **Спецификации безопасности**:
 * Защита от bruteforce-атак
 * Защита от атак по фишингу
 * Защита от взлома базы данных

**Требования к функционалу**

1. **Регистрация и настройка 2FA**:
 * Пользователи могут зарегистрироваться на системе 2FA
 * Пользователи могут настроить второй фактор (например, смс-код, код из приложения)
2. **Вход со 2FA**:
 * Пользователи должны ввести пароль и второй фактор для входа в систему
 * Система должна проверить правильность обоих факторов
3. **Реставрация доступа к аккаунту**:
 * Пользователи могут восстановить доступ к аккаунту, если утерян второй фактор
 * Система должна направить пользователя на страницу восстановления доступа
4. **Интеграция с существующими системами аутентификации**:
 * Система должна интегрироваться с существующими системами аутентификации (например, LDAP, Active Directory)

**Требования к интерфейсу**

1. **Дизайн интерфейса**:
 * Интерфейс должен быть простым и интуитивно понятным для пользователей
 * Интерфейс должен поддерживать различные типы устройств (например, десктоп, мобильные)
2. **Соответствие стандартам доступности**:
 * Интерфейс должен соответствовать стандартам доступности (например, WCAG 2.1)

**Требования к тестированию**

1. **Тестирование функциональности**:
 * Тестировать вход со 2FA
 * Тестировать регистрацию и настройку 2FA
 * Тестировать восстановление доступа к аккаунту
2. **Тестирование безопасности**:
 * Тестировать защиту от bruteforce-атак
 * Тестировать защиту от атак по фишингу
 * Тестировать защиту от взлома базы данных

**Требования к поддержке**

1. **Техническая поддержка**:
 * Предоставлять техническую поддержку пользователям
 * Обеспечить быстрое решение проблем с доступом
2. **Обновления и улучшения**:
 * Обновлять систему 2FA, чтобы поддерживать последние стандарты безопасности
 * Вносить изменения и улучшения в систему 2FA, чтобы улучшить пользовательский опыт.","{'score1_description': 'The response is entirely incorrect and fails to address any aspect of the reference.', 'score2_description': 'The response contains partial accuracy but includes major errors or significant omissions that affect its relevance to the reference.', 'score3_description': 'The response is mostly accurate but lacks clarity, thoroughness, or minor details needed to fully address the reference.', 'score4_description': 'The response is accurate and clear, with only minor omissions or slight inaccuracies in addressing the reference.', 'score5_description': 'The response is completely accurate, clear, and thoroughly addresses the reference without any errors or omissions.'}",3
2,"Диаграмма классов для паттерна Наблюдатель в PlantUML может выглядеть следующим образом:
```plantuml
@startuml
class Subject {
  +state: string
  -observers: Observer[]
  +attach(Observer observer)
  +detach(Observer observer)
  +notify()
}

class Observer {
  +name: string
  +update()
}

object ConcreteSubject
object ConcreteObserver

Subject --|> Subject
Observer --|> Observer

ConcreteSubject ..> Subject
ConcreteObserver ..> Observer

ConcreteSubject --* ConcreteObserver
ConcreteObserver --* ConcreteSubject

@enduml
```
Описание диаграммы:

* `Subject` - базовый класс, который реализует интерфейс для наблюдаемого объекта.
* `Observer` - базовый класс, который реализует интерфейс для наблюдателя.
* `ConcreteSubject` - конкретный класс, который реализует `Subject` и умеет хранить список наблюдателей.
* `ConcreteObserver` - конкретный класс, который реализует `Observer` и умеет обновлять свое состояние при получении уведомления от наблюдаемого объекта.
* `attach` - метод, который добавляет наблюдателя в список наблюдателей.
* `detach` - метод, который удаляет наблюдателя из списка наблюдателей.
* `notify` - метод, который уведомляет все наблюдатели.
* `update` - метод, который обновляет состояние наблюдателя.

Обратите внимание, что на диаграмме показано, что `ConcreteSubject` и `ConcreteObserver` наследуют от `Subject` и `Observer` соответственно, а также имеют взаимосвязи между собой. Это показывает, что `ConcreteSubject` может иметь список наблюдателей, а `ConcreteObserver` может получать уведомления от `ConcreteSubject`.","{'score1_description': 'The response is entirely incorrect and fails to address any aspect of the reference.', 'score2_description': 'The response contains partial accuracy but includes major errors or significant omissions that affect its relevance to the reference.', 'score3_description': 'The response is mostly accurate but lacks clarity, thoroughness, or minor details needed to fully address the reference.', 'score4_description': 'The response is accurate and clear, with only minor omissions or slight inaccuracies in addressing the reference.', 'score5_description': 'The response is completely accurate, clear, and thoroughly addresses the reference without any errors or omissions.'}",3
3,"Советую использовать следующий SQL-запрос для поиска дубликатов в таблице users:

```sql
SELECT 
    email, 
    COUNT(*) AS duplicate_count 
FROM 
    users 
GROUP BY 
    email 
HAVING 
    COUNT(*) > 1;
```

Этот запрос группирует строки по email и подсчитывает количество строк для каждого email. Затем он фильтрует результаты, чтобы показать только email, у которых количество строк больше 1 (т. е. дубликаты).

Если вы хотите показать все строки, которые являются дубликатами, вы можете использовать следующий запрос:

```sql
SELECT * 
FROM 
    users 
WHERE 
    email IN (
        SELECT email 
        FROM 
            users 
        GROUP BY 
            email 
        HAVING 
            COUNT(*) > 1
    );
```

Этот запрос выбирает все строки из таблицы users, где email присутствует в списке дубликатов, полученном из предыдущего запроса.

Примечание: если у вас есть другие поля, которые могут содержать дубликаты (например, пароль или другая информация), вы можете добавить эти поля в GROUP BY и HAVING части запроса соответственно.","{'score1_description': 'The response is entirely incorrect and fails to address any aspect of the reference.', 'score2_description': 'The response contains partial accuracy but includes major errors or significant omissions that affect its relevance to the reference.', 'score3_description': 'The response is mostly accurate but lacks clarity, thoroughness, or minor details needed to fully address the reference.', 'score4_description': 'The response is accurate and clear, with only minor omissions or slight inaccuracies in addressing the reference.', 'score5_description': 'The response is completely accurate, clear, and thoroughly addresses the reference without any errors or omissions.'}",3
4,"Чтобы создать Dockerfile для Spring Boot приложения с Java 17, вы можете использовать следующий образец:

```dockerfile
# Указываем базовый образ OpenJDK 17
FROM openjdk:17-jdk-slim

# Устанавливаем метку с именем Docker-изображения
LABEL spring-boot-app=latest

# Устанавливаем рабочую директорию
WORKDIR /app

# Копируем файлы приложения в рабочую директорию
COPY target/*.jar app.jar

# Устанавливаем переменную окружения PORT
ENV JAVA_OPTS=-Dserver.port=8080

# Запускаем приложение
CMD [""java"",""-jar"",""app.jar""]
```

В этом Dockerfile:

1. Мы используем базовый образ OpenJDK 17 (`openjdk:17-jdk-slim`), который имеет минимальное количество мусора.
2. Устанавливаем метку `spring-boot-app=latest` для идентификации Docker-изображения.
3. Создаем рабочую директорию `/app` для приложения.
4. Копируем файл `*.jar` из каталога `target` в рабочую директорию.
5. Устанавливаем переменную окружения `JAVA_OPTS` с параметром `-Dserver.port=8080`, чтобы указать порт, на котором будет запущено приложение.
6. Используем команду `CMD` для запуска приложения с помощью `java -jar app.jar`.

Чтобы использовать этот Dockerfile, сначала соберите вашу Spring Boot-приложение с помощью `mvn package` (или любым другим методом, который вы обычно используете для сборки). Затем можете создать образ Docker с помощью команды `docker build -t <имя-изображения> .`, где `<имя-изображения>` — название, которое вы хотите присвоить Docker-изображению.

Например, если вы назвали свой Dockerfile `Dockerfile` и хотите назвать Docker-изображение `spring-boot-app`, вы сможете создать образ с помощью команды:

```bash
docker build -t spring-boot-app .
```

После этого вы можете запустить образ с помощью команды:

```bash
docker run -p 8080:8080 spring-boot-app
```

Эта команда запустит контейнер из образа `spring-boot-app` и привяжет порт 8080 на хостовой машине к порту 8080 в контейнере, чтобы вы могли доступиться к вашему приложению по адресу `http://localhost:8080`.","{'score1_description': 'The response is entirely incorrect and fails to address any aspect of the reference.', 'score2_description': 'The response contains partial accuracy but includes major errors or significant omissions that affect its relevance to the reference.', 'score3_description': 'The response is mostly accurate but lacks clarity, thoroughness, or minor details needed to fully address the reference.', 'score4_description': 'The response is accurate and clear, with only minor omissions or slight inaccuracies in addressing the reference.', 'score5_description': 'The response is completely accurate, clear, and thoroughly addresses the reference without any errors or omissions.'}",4
5,"Давайте рассмотрим простой пример REST API для сервиса управления задачами, описанного в формате OpenAPI.

**Версия OpenAPI**
```yml
openapi: 3.0.2
info:
  title: Управление задачами
  description: API для управления задачами
  version: 1.0.0
```
**Пути**

API имеет три основных пути:

1. **Tasks** (`/tasks`): для управления списком задач
2. **Tasks/{id}``: для управления конкретной задачей
3. **Users** (`/users`): для управления списком пользователей

**Типы запросов**

API поддерживает следующие типы запросов:

* `GET`: для получения списка задач или конкретной задачи
* `POST`: для создания новой задачи
* `PUT`: для обновления существующей задачи
* `DELETE`: для удаления задачи

**Путь /tasks**

### GET /tasks

* **Описание**: Получить список задач
* **Параметры**:
 + `filter`: строка поиска задач по названию (не обязательна)
 + `limit`: количество задач в запросе (не обязательна)
 + `offset`: номер первой задачи в запросе (не обязательна)
* **Ответ**:
 + `200 OK`: список задач в формате JSON
 + `400 Bad Request`: ошибка в запросе

### POST /tasks

* **Описание**: Создать новую задачу
* **Тело запроса**:
 + `name`: название задачи (необходимо)
 + `description`: описание задачи (необязательно)
 + `assignee`: ID пользователя, которому назначена задача (необязательно)
* **Ответ**:
 + `201 Created`: ID созданной задачи
 + `400 Bad Request`: ошибка в запросе

### PUT /tasks/{id}

* **Описание**: Обновить существующую задачу
* **Параметры**:
 + `{id}`: ID задачи (необходимо)
* **Тело запроса**:
 + `name`: название задачи (необязательно)
 + `description`: описание задачи (необязательно)
 + `assignee`: ID пользователя, которому назначена задача (необязательно)
* **Ответ**:
 + `200 OK`: обновленная задача
 + `400 Bad Request`: ошибка в запросе
 + `404 Not Found`: задача не найдена

### DELETE /tasks/{id}

* **Описание**: Удалить задачу
* **Параметры**:
 + `{id}`: ID задачи (необходимо)
* **Ответ**:
 + `204 No Content`: задача удалена
 + `400 Bad Request`: ошибка в запросе
 + `404 Not Found`: задача не найдена

**Путь /users**

### GET /users

* **Описание**: Получить список пользователей
* **Ответ**:
 + `200 OK`: список пользователей в формате JSON
 + `400 Bad Request`: ошибка в запросе

Этот пример демонстрирует базовый функционал API для управления задачами. Naturally, в реальной системе может быть больше функций, а также различные параметры и ответы.","{'score1_description': 'The response is entirely incorrect and fails to address any aspect of the reference.', 'score2_description': 'The response contains partial accuracy but includes major errors or significant omissions that affect its relevance to the reference.', 'score3_description': 'The response is mostly accurate but lacks clarity, thoroughness, or minor details needed to fully address the reference.', 'score4_description': 'The response is accurate and clear, with only minor omissions or slight inaccuracies in addressing the reference.', 'score5_description': 'The response is completely accurate, clear, and thoroughly addresses the reference without any errors or omissions.'}",3
6,"Тест-кейсы для проверки обработки платежей могут быть следующими:

1. **Платеж успешный**:
 * Сценарий: Клиент оформляет заказ и выберет способ оплаты ""Кредитная карта"".
 * Входные данные:
 + Номер карты: 4532015112830366
 + Срок годности: 12/25
 + Код безопасности (CVV): 123
 * Ожидаемый результат: Платеж успешно обрабатывается, и клиент получает подтверждение на свой электронный адрес.
2. **Платеж отказан**:
 * Сценарий: Клиент оформляет заказ и выберет способ оплаты ""Кредитная карта"".
 * Входные данные:
 + Номер карты: 4111111111111111 (неправильно сформированный номер карты)
 + Срок годности: 12/25
 + Код безопасности (CVV): 123
 * Ожидаемый результат: Платеж отклоняется, и клиент получает уведомление об ошибке на свой электронный адрес.
3. **Недостаточно средств**:
 * Сценарий: Клиент оформляет заказ и выберет способ оплаты ""Кредитная карта"".
 * Входные данные:
 + Номер карты: 4532015112830366
 + Срок годности: 12/25
 + Код безопасности (CVV): 123
 + Сумма заказа: 1000
 + Баланс карты: 500
 * Ожидаемый результат: Платеж отклоняется, и клиент получает уведомление о том, что у него недостаточно средств на счете.
4. **Заблокированная карта**:
 * Сценарий: Клиент оформляет заказ и выберет способ оплаты ""Кредитная карта"".
 * Входные данные:
 + Номер карты: 4532015112830366
 + Срок годности: 12/25
 + Код безопасности (CVV): 123
 * Ожидаемый результат: Платеж отклоняется, и клиент получает уведомление о том, что его карта заблокирована.
5. **Срок годности карты истек**:
 * Сценарий: Клиент оформляет заказ и выберет способ оплаты ""Кредитная карта"".
 * Входные данные:
 + Номер карты: 4532015112830366
 + Срок годности: 01/01 (истекший срок)
 + Код безопасности (CVV): 123
 * Ожидаемый результат: Платеж отклоняется, и клиент получает уведомление о том, что его карта просрочена.
6. **Неправильный CVV**:
 * Сценарий: Клиент оформляет заказ и выберет способ оплаты ""Кредитная карта"".
 * Входные данные:
 + Номер карты: 4532015112830366
 + Срок годности: 12/25
 + Код безопасности (CVV): 456 (неправильный CVV)
 * Ожидаемый результат: Платеж отклоняется, и клиент получает уведомление об ошибке на свой электронный адрес.
7. **Повторный платеж**:
 * Сценарий: Клиент оформляет заказ и выберет способ оплаты ""Кредитная карта"".
 * Входные данные:
 + Номер карты: 4532015112830366
 + Срок годности: 12/25
 + Код безопасности (CVV): 123
 + Сумма заказа: 1000
 * Ожидаемый результат: Платеж успешно обрабатывается, и клиент получает подтверждение на свой электронный адрес.
8. **Платеж с редиректом**:
 * Сценарий: Клиент оформляет заказ и выберет способ оплаты ""Кредитная карта"".
 * Входные данные:
 + Номер карты: 4532015112830366
 + Срок годности: 12/25
 + Код безопасности (CVV): 123
 + Сумма заказа: 1000
 * Ожидаемый результат: Платеж успешно обрабатывается, и клиент редиректится на страницу подтверждения заказа.

Этот набор тест-кейсов поможет проверить различные сценарии обработки платежей и обеспечит высокую надежность и стабильность системы.","{'score1_description': 'The response is entirely incorrect and fails to address any aspect of the reference.', 'score2_description': 'The response contains partial accuracy but includes major errors or significant omissions that affect its relevance to the reference.', 'score3_description': 'The response is mostly accurate but lacks clarity, thoroughness, or minor details needed to fully address the reference.', 'score4_description': 'The response is accurate and clear, with only minor omissions or slight inaccuracies in addressing the reference.', 'score5_description': 'The response is completely accurate, clear, and thoroughly addresses the reference without any errors or omissions.'}",3
7,"Реализованный пример и его рефакторинг:

**Пример без списковых включений:**
```python
# Решение задачи с помощью циклов

def квадрат_чисел(numbers):
    квадраты = []
    for n in numbers:
        квадрат = n ** 2
        квадраты.append(kвадрат)
    return квадраты

def куб_чисел(numbers):
    кубы = []
    for n in numbers:
        куб = n ** 3
        кубы.append(куб)
    return кубы

numbers = [1, 2, 3, 4, 5]
квадраты = квадрат_чисел(numbers)
кубы = куб_чисел(numbers)

print(квадраты)  # [1, 4, 9, 16, 25]
print(кубы)      # [1, 8, 27, 64, 125]
```

**Реализованный пример с списковыми включениями:**
```python
# Решение задачи с помощью списковых включений

def квадрат_чисел(numbers):
    return [n ** 2 for n in numbers]

def куб_чисел(numbers):
    return [n ** 3 for n in numbers]

numbers = [1, 2, 3, 4, 5]
квадраты = квадрат_чисел(numbers)
кубы = куб_чисел(numbers)

print(квадраты)  # [1, 4, 9, 16, 25]
print(кубы)      # [1, 8, 27, 64, 125]
```
В рефакторинге заменили циклы на списковые включения, что упростило и сократило код. Списковые включения – это выражения, которые создают списки на основе других списков или других выражений. Преимущества списковых включений:

* Упрощение кода за счет удаления циклов.
* Улучшение читаемости кода.
* Уменьшение количества строк кода.
* Улучшение производительности из-за работы с генераторами, что позволяет избежать создания временного списка.","{'score1_description': 'The response is entirely incorrect and fails to address any aspect of the reference.', 'score2_description': 'The response contains partial accuracy but includes major errors or significant omissions that affect its relevance to the reference.', 'score3_description': 'The response is mostly accurate but lacks clarity, thoroughness, or minor details needed to fully address the reference.', 'score4_description': 'The response is accurate and clear, with only minor omissions or slight inaccuracies in addressing the reference.', 'score5_description': 'The response is completely accurate, clear, and thoroughly addresses the reference without any errors or omissions.'}",4
8,"Этапы CI/CD пайплайна для микросервиса на Kotlin могут включать следующие шаги:

**Этап 1: Подготовка кода**

* Код пишется в репозитории Git.
* Автоматическая проверка кода на соответствие стилю, используя инструменты, такие как Ktlint или Detekt.

**Этап 2: Тестирование**

* Автоматическое запуск тестов на основе JUnit или TestNG.
* Тестируются все методы и функции, включая edge-cases и реальные данные.
* Используются фреймворки, такие как Mockk или Mockito, для мокирования зависимостей.

**Этап 3: Сборка и упаковка**

* Сборка проекта с помощью Gradle или Maven.
* Упаковка артефактов в формат JAR или-fat jar-.
* Создание образа Docker, если требуется.

**Этап 4: Тестирование в интеграции**

* Тестируются взаимодействия между микросервисами.
* Используются фреймворки, такие как Testcontainers или Docker Compose, для создания тестовых сред.

**Этап 5: Тестирование на продакшене**

* Установка микросервиса в продакшен среду.
* Тестируются все функции и взаимодействия с другими микросервисами.
* Используются инструменты, такие как Prometheus или Grafana, для мониторинга и анализа.

**Этап 6: Развертывание**

* Развертывание микросервиса в продакшен среду.
* Используются инструменты, такие как Kubernetes или Docker Swarm, для оркестрации и управления доставкой.

**Этап 7: Мониторинг и поддержка**

* Мониторинг работоспособности микросервиса.
* Выполнение периодических задач, таких как очистка кэша или обновление зависимостей.
* Решение проблем и реагирование на сбои микросервиса.

Эти этапы могут различаться в зависимости от конкретной реализации и требований проекта. Однако, в целом, это общий вид CI/CD пайплайна для микросервиса на Kotlin.","{'score1_description': 'The response is entirely incorrect and fails to address any aspect of the reference.', 'score2_description': 'The response contains partial accuracy but includes major errors or significant omissions that affect its relevance to the reference.', 'score3_description': 'The response is mostly accurate but lacks clarity, thoroughness, or minor details needed to fully address the reference.', 'score4_description': 'The response is accurate and clear, with only minor omissions or slight inaccuracies in addressing the reference.', 'score5_description': 'The response is completely accurate, clear, and thoroughly addresses the reference without any errors or omissions.'}",3
9,"Окей, вот диаграмма компонентов для e-commerce системы, нарисованная в PlantUML:
```
@startuml
title E-commerce система

participant ""Клиент"" as клиент
participant ""Веб-интерфейс"" as веб-интерфейс
participant ""Сервис авторизации"" as авторизация
participant ""Сервис бронирования"" as бронирование
participant ""Сервис оплаты"" as оплата
participant ""База данных"" as база_данных

клиент -> веб-интерфейс: запрос страницы
веб-интерфейс -> авторизация: проверка авторизации
авторизация -> веб-интерфейс: ответ о авторизации
веб-интерфейс -> бронирование: запрос бронирования
бронирование -> база_данных: запрос бронирования
база_данных -> бронирование: ответ о бронировании
бронирование -> веб-интерфейс: ответ о бронировании
веб-интерфейс -> оплата: запрос оплаты
оплата -> база_данных: запрос оплаты
база_данных -> оплата: ответ о оплате
оплата -> веб-интерфейс: ответ о оплате
веб-интерфейс -> база_данных: обновление данных
база_данных -> веб-интерфейс: ответ об обновлении

@enduml
```
Эта диаграмма показывает взаимодействие между компонентами e-commerce системы:

* Клиент взаимодействует с веб-интерфейсом, который обрабатывает запросы клиента и передает их соответствующим сервисам.
* Сервис авторизации проверяет авторизацию клиента и возвращает ответ веб-интерфейсу.
* Сервис бронирования взаимодействует с базой данных, чтобы подтвердить бронирование и возвращает ответ веб-интерфейсу.
* Сервис оплаты взаимодействует с базой данных, чтобы подтвердить оплату и возвращает ответ веб-интерфейсу.
* Веб-интерфейс обновляет данные в базе данных.

Это только одна из возможных реализаций e-commerce системы, но она представляет собой общую структуру компонентов и их взаимодействия.","{'score1_description': 'The response is entirely incorrect and fails to address any aspect of the reference.', 'score2_description': 'The response contains partial accuracy but includes major errors or significant omissions that affect its relevance to the reference.', 'score3_description': 'The response is mostly accurate but lacks clarity, thoroughness, or minor details needed to fully address the reference.', 'score4_description': 'The response is accurate and clear, with only minor omissions or slight inaccuracies in addressing the reference.', 'score5_description': 'The response is completely accurate, clear, and thoroughly addresses the reference without any errors or omissions.'}",3
